C0015544,Failure to Thrive
C0020615,Hypoglycemia
C0022661,"Kidney Failure, Chronic"
C0025521,Inborn Errors of Metabolism
C0026827,Muscle hypotonia
C0085584,Encephalopathies
C0151786,Muscle Weakness
C0878544,Cardiomyopathies
C1142132,Carnitine deficiency
C0001768,Agammaglobulinemia
C0008049,Chickenpox
C0009447,Common Variable Immunodeficiency
C0009450,Communicable Diseases
C0019158,Hepatitis
C0019159,Hepatitis A
C0019163,Hepatitis B
C0025007,Measles
C0035920,Rubella
C0040100,Thymoma
C0042721,Viral hepatitis
C0085393,Immunocompromised Host
C0086438,Hypogammaglobulinemia
C0221026,X-linked agammaglobulinemia
C0740380,Varicella zoster
C0854268,Foetal damage
C0917801,Sleeplessness
C0022602,Actinic keratosis
C0162568,Erythropoietic Protoporphyria
C0555198,Malignant Glioma
C0002871,Anemia
C0002888,"Anemia, Megaloblastic"
C0002892,"Anemia, Pernicious"
C0006826,Malignant Neoplasms
C0009402,Colorectal Carcinoma
C0016412,Folic Acid Deficiency
C0023895,Liver diseases
C0024523,Malabsorption Syndrome
C0029463,Osteosarcoma
C0162429,Malnutrition
C0205707,Sprue
C0948380,Colorectal cancer metastatic
C1527249,Colorectal Cancer
C0000729,Abdominal Cramps
C0000814,Missed abortion
C0007222,Cardiovascular Diseases
C0011849,Diabetes Mellitus
C0013274,Patent ductus arteriosus
C0015927,Fetal Death
C0015934,Fetal Growth Retardation
C0020217,Hydatidiform Mole
C0020538,Hypertensive disease
C0020649,Hypotension
C0027497,Nausea
C0032914,Pre-Eclampsia
C0042963,Vomiting
C0221007,Postmaturity
C0549315,Benign hydatidiform mole
C0595939,Stillbirth
C1504421,Rhesus incompatibility
C0009782,Connective Tissue Diseases
C0011644,Scleroderma
C1701939,Familial pulmonary arterial hypertension
C3203102,Idiopathic pulmonary arterial hypertension
C0020625,Hyponatremia
C0026205,Miosis disorder
C0004238,Atrial Fibrillation
C0004239,Atrial Flutter
C0018799,Heart Diseases
C0030590,Paroxysmal supraventricular tachycardia
C0036572,Seizures
C0039240,Supraventricular tachycardia
C0042514,"Tachycardia, Ventricular"
C0043202,Wolff-Parkinson-White Syndrome
C0151744,Myocardial Ischemia
C0232201,Sinus rhythm
C0429097,QRS complex
C0857153,Nodal block
C1258192,Total Peripheral Resistance
C1956346,Coronary Artery Disease
C0004610,Bacteremia
C0011854,"Diabetes Mellitus, Insulin-Dependent"
C0011884,Diabetic Retinopathy
C0013604,Edema
C0018802,Congestive heart failure
C0020456,Hyperglycemia
C0020459,Hyperinsulinism
C0020488,Hypernatremia
C0020598,Hypocalcemia
C0022658,Kidney Diseases
C0023890,Liver Cirrhosis
C0032285,Pneumonia
C0042345,Varicosity
C0043250,Injury wounds
C0151940,Hypocalcemic tetany
C0220983,Metabolic alkalosis
C0235395,Fluid loss
C0442874,Neuropathy
C0745153,Hypoglycaemic episode
C0858734,Insulin hypoglycemia
C1112209,Intraabdominal Infections
C1527401,Insulin Shock
C1565489,Renal Insufficiency
C0003492,Aortic coarctation
C0018798,Congenital Heart Defects
C0026836,Muscle relaxation phase
C0039685,Tetralogy of Fallot
C0040761,Transposition of Great Vessels
C0042401,Vasodilation
C0242350,Erectile dysfunction
C0242855,Congenital atresia of pulmonary valve
C0243002,Tricuspid Atresia
C0344760,Mitral valve atresia
C1956257,Pulmonary Stenosis
C0001206,Acromegaly
C0001430,Adenoma
C0010276,Craniopharyngioma
C0013338,Pituitary dwarfism
C0017547,Gigantism
C0043251,Wounds and Injuries
C0221347,Acrocyanosis
C0242343,Panhypopituitarism
C0149931,Migraine Disorders
C0236018,Aura
C0030757,Pediculus capitis infestation
C0019880,Homocystinuria
C0268621,Hepatic methionine adenosyltransferase deficiency
C0002063,Alkalosis
C0006906,Capillary Permeability
C0011608,Dermatitis Herpetiformis
C0020461,Hyperkalemia
C0020626,Hypoparathyroidism
C0026821,Muscle Cramp
C0029442,Osteomalacia
C0033774,Pruritus
C0035579,Rickets
C0037274,Dermatologic disorders
C0039621,Tetany
C0042870,Vitamin D Deficiency
C0085681,Hyperphosphatemia (disorder)
C0232488,Abdominal colic
C0242188,Spider Bites
C0242461,"Purpura, Nonthrombocytopenic"
C0270224,"Tetany, Neonatal"
C0302295,Eruptions
C0392519,Calcium deficiency
C0728899,Intoxication
C0851444,Allergic conditions
C0876994,Cardiotoxicity
C0009768,Bacterial conjunctivitis
C0010674,Cystic Fibrosis
C0015403,Eye Infections
C0025289,Meningitis
C0029291,Psittacosis
C0029878,Otitis Externa
C0041466,Typhoid Fever
C0271454,Chronic suppurative otitis media
C0001122,Acidosis
C0001126,Renal tubular acidosis
C0018099,Gout
C0085631,Agitation
C0220981,Metabolic acidosis
C0392525,Nephrolithiasis
C0403447,Chronic Kidney Insufficiency
C0854059,pH urine decreased
C0003811,Cardiac Arrhythmia
C0003962,Ascites
C0019080,Hemorrhage
C0020621,Hypokalemia
C0030443,Familial Periodic Paralysis
C0038358,Gastric ulcer
C0085580,Essential Hypertension
C0003864,Arthritis
C0003873,Rheumatoid Arthritis
C0010046,Corn of toe
C0011603,Dermatitis
C0020757,Ichthyoses
C0021368,Inflammation
C0021564,Insect Bites
C0026946,Mycoses
C0029408,Degenerative polyarthritis
C0030193,Pain
C0032027,Pityriasis Rubra Pilaris
C0033860,Psoriasis
C0034212,Pyoderma
C0035435,Rheumatism
C0042548,Plantar wart
C0043037,Common wart
C0241165,Skin thickening
C0263383,Keratosis pilaris
C0376154,Skin callus
C0741453,Bedridden
C0856543,Keratosis palmaris
C3495559,Juvenile arthritis
C3665596,Warts
C0042029,Urinary tract infection
C0679362,Extrapulmonary tuberculosis
C0004936,Mental disorders
C0011581,Depressive disorder
C0015672,Fatigue
C0018379,Guilt
C0024117,Chronic Obstructive Airway Disease
C0024517,"Major depressive disorder, single episode"
C0028043,Nicotine Dependence
C0038663,Suicide attempt
C0085159,Seasonal Affective Disorder
C0231230,Fatigability
C0233477,Dysphoria
C0233633,Thought retardation
C0234533,Generalized seizures
C0235198,Unable to concentrate
C0344315,Depressed mood
C0424000,Feeling suicidal (finding)
C0424091,Decreased interest
C0549622,Sexual Dysfunction
C0917799,Hypersomnia
C1269683,Major Depressive Disorder
C0005778,Blood coagulation
C0006142,Malignant neoplasm of breast
C0006147,Breast Feeding
C0007097,Carcinoma
C0010068,Coronary heart disease
C0010481,Cushing Syndrome
C0013428,Dysuria
C0014173,Endometrial Hyperplasia
C0014175,Endometriosis
C0016658,Fracture
C0018681,Headache
C0020502,Hyperparathyroidism
C0020514,Hyperprolactinemia
C0020517,Hypersensitivity
C0020619,Hypogonadism
C0025320,Menopause
C0025322,Premature Menopause
C0027051,Myocardial Infarction
C0029453,Osteopenia
C0029456,Osteoporosis
C0029458,"Osteoporosis, Postmenopausal"
C0031542,Phlebitis
C0032708,Disorders of Porphyrin Metabolism
C0033778,Pruritus Vulvae
C0034065,Pulmonary Embolism
C0037317,Sleep disturbances
C0038454,Cerebrovascular accident
C0038990,Sweating
C0040046,Thrombophlebitis
C0040156,Thyrotoxicosis
C0042373,Vascular Diseases
C0085606,Urgency of micturition
C0085762,Alcohol abuse
C0149871,Deep Vein Thrombosis
C0152030,Skin irritation
C0206159,Postmenopause
C0221392,Atrophic Vaginitis
C0236075,Menopausal symptoms
C0271578,Hypogonadism female
C0271606,Primary ovarian failure
C0333641,Atrophic
C0392197,Physiologic warmth
C0423736,Micturition burning
C0521170,Osteoporotic Fractures
C0600139,Prostate carcinoma
C0600142,Hot flushes
C0740421,Surgical menopause
C0747771,Postmenopausal syndrome
C0853662,Oestrogen deficiency
C0856856,Natural menopause
C1306580,Bone mass decreased
C1384606,Dyspareunia
C2939420,Metastatic Neoplasm
C2979982,Vaginal Hemorrhage
C3665346,Unspecified visual loss
C0004096,Asthma
C0006114,Cerebral Edema
C0012797,Diuresis
C0016751,Hereditary fructose intolerance syndrome
C0022660,"Kidney Failure, Acute"
C0085129,Bronchial Hyperreactivity
C0234708,Intraocular pressure increased
C0742078,Brain mass
C0860433,Irreversible renal failure
C0000832,Abruptio Placentae
C0002874,Aplastic Anemia
C0003130,Anoxia
C0018939,Hematological Disease
C0018965,Hematuria
C0036974,Shock
C0040034,Thrombocytopenia
C0080276,Urogenital disorder
C0684275,Haemophilia
C0004144,Atelectasis
C0006266,Bronchial Spasm
C0006267,Bronchiectasis
C0006277,Bronchitis
C0034067,Pulmonary Emphysema
C0040586,Tracheobronchitis
C0041296,Tuberculosis
C0151904,Aspartate aminotransferase increased
C0160390,Liver injury
C0235378,Hepatotoxicity
C0268381,Primary amyloidosis
C1096000,Bronchopulmonary disease
C1319018,Asthmatic bronchitis
C0005699,Blast Phase
C0020522,Delayed Hypersensitivity
C0023418,leukemia
C0023440,Acute Erythroblastic Leukemia
C0023449,Acute lymphocytic leukemia
C0023467,"Leukemia, Myelocytic, Acute"
C0023473,"Myeloid Leukemia, Chronic"
C0024299,Lymphoma
C0024305,"Lymphoma, Non-Hodgkin"
C0025284,Meningeal Neoplasms
C0026986,Dysmyelopoietic Syndromes
C0027651,Neoplasms
C0039614,Tetanus
C0085669,Acute leukemia
C0280100,Solid tumour
C0948840,Meningeal Leukemia
C1608408,Malignant transformation
C1704231,Metastatic Malignant Neoplasm to the Leptomeninges
C0085692,Cystitis haemorrhagic
C0079584,Ichthyosis Vulgaris
C0151908,Dry skin
C0259817,Xerosis
C0423773,Skin scaly
C0004623,Bacterial Infections
C0282488,Interstitial Cystitis
C0007166,Low Cardiac Output
C0009421,Comatose
C0009676,Confusion
C0030232,Pallor
C0035078,Kidney Failure
C0036690,Septicemia
C0080203,Tachyarrhythmia
C0085128,"Cardiac Output, High"
C0235248,Vasoconstriction peripheral
C0497247,Increase in blood pressure
C0546884,Hypovolemia
C0745176,Acute hypotension
C0853062,Vascular resistance systemic decreased
C1287298,Urine volume finding
C1961112,Heart Decompensation
C0008943,Climacteric
C0042134,Uterine hemorrhage
C3263685,Hormone abnormality
C0014867,Esophageal Varices
C0030756,Lice Infestations
C0036262,Scabies
C0851341,Infestation
C0020523,Immediate hypersensitivity
C0001125,"Acidosis, Lactic"
C0011175,Dehydration
C0011880,Diabetic Ketoacidosis
C0011991,Diarrhea
C0018790,Cardiac Arrest
C0086168,Dissociation
C0151595,Digitalis intoxication (NOS)
C0161544,Poisoning by salicylate
C0234215,Sensory Discomfort
C0235575,Hemolytic reaction
C0599918,Nephrotoxicity
C1096717,Pain during injection
C1392658,Circulatory insufficiency
C1963921,Chemical phlebitis
C0002965,"Angina, Unstable"
C1536220,ST segment elevation myocardial infarction
C0221232,Welts
C0542213,Skin test positive
C0585186,Cutaneous hypersensitivity
C0016689,Freckles
C0023321,Lentigo
C0025218,Chloasma
C0162834,Hyperpigmentation
C0549567,Pigmentation Disorders
C0032827,Potassium Deficiency
C0038160,Staphylococcal Infections
C0001396,Adams-Stokes Syndrome
C0002792,anaphylaxis
C0002962,Angina Pectoris
C0002994,Angioedema
C0003467,Anxiety
C0004093,Asthenia
C0005658,bite injury
C0012833,Dizziness
C0013404,Dyspnea
C0015230,Exanthema
C0017601,Glaucoma
C0018621,Hay fever
C0018794,Heart Block
C0020550,Hyperthyroidism
C0023066,Laryngismus
C0030567,Parkinson Disease
C0035455,Rhinitis
C0036830,Serum Sickness
C0038340,Sting Injury
C0039070,Syncope
C0040822,Tremor
C0042109,Urticaria
C0042130,Uterine Contraction
C0149512,Acute sinusitis
C0151517,Complete atrioventricular block
C0241863,Diabetic
C0340865,Anaphylactoid reaction
C0344183,Exercise-induced anaphylaxis
C0423618,Throbbing Headache
C0476273,Respiratory distress
C0677500,Stinging Sensation
C0741983,Carotid sinus hypersensitivity
C0001623,Adrenal gland hypofunction
C0018021,Goiter
C0020676,Hypothyroidism
C0040137,Thyroid Nodule
C0040147,Thyroiditis
C0040149,Subacute thyroiditis
C0155626,Acute myocardial infarction
C0206682,Follicular thyroid carcinoma
C0238298,Myxoedema coma
C0271790,Subclinical hypothyroidism
C0332907,Congenital absence
C0348024,Dysfunction thyroid
C0677607,Hashimoto Disease
C0700502,Primary hypothyroidism
C0853627,Tri-iodothyronine normal
C0010308,Congenital Hypothyroidism
C0027145,Myxedema
C1142529,Precoma
C1536123,Autonomy of thyroid gland
C0013537,Eclampsia
C0024473,Magnesium Deficiency
C0040524,Septic Toxemia
C0151723,Hypomagnesaemia
C0268733,Acute nephritis
C0033139,Primary Insomnia
C1262141,Poor quality sleep
C0001403,Addison Disease
C0003578,Apnea
C0021843,Intestinal Obstruction
C0026961,Mydriasis
C0030318,Panic
C0030446,Paralytic Ileus
C0037367,Smoke Inhalation Injury
C0085682,Hypophosphatemia
C0220854,Hyperpnea
C0231835,Tachypnea
C0231837,Respiratory rate decreased
C0232292,Chest tightness
C0233407,Disorientation
C0268030,Acidemia
C0278061,Abnormal mental state
C0700198,Pulmonary aspiration
C0856633,Extensive burns
C1541124,Pyloric obstruction
C1699648,Ileal obstruction
C0000737,Abdominal Pain
C0011860,"Diabetes Mellitus, Non-Insulin-Dependent"
C0016382,Flushing
C0020443,Hypercholesterolemia
C0020473,Hyperlipidemia
C0020476,Hyperlipoproteinemias
C0020481,Hyperlipoproteinemia Type V
C0020557,Hypertriglyceridemia
C0030305,Pancreatitis
C0030783,Pellagra
C0030920,Peptic Ulcer
C0242339,Dyslipidemias
C0853084,High density lipoprotein increased
C0002963,"Angina Pectoris, Variant"
C0013595,Eczema
C0014130,Endocrine System Diseases
C0020540,Malignant Hypertension
C0030252,Palpitations
C0032961,Pregnancy
C0040021,Thromboangiitis Obliterans
C0085096,Peripheral Vascular Diseases
C0087169,Withdrawal Symptoms
C0337672,Non-smoker
C0497365,Rash generalised
C0853813,Local reaction
C0948807,Hepatic impairment
C1306571,Hepatic Insufficiency
C1325847,Sensitisation
C0032371,Poliomyelitis
C0857353,Hypotensive
C0017181,Gastrointestinal Hemorrhage
C0022346,Icterus
C0151332,Active tuberculosis
C0002896,Sideroblastic anemia
C0003123,Anorexia
C0020500,Hyperoxaluria
C0027813,Neuritis
C0221264,Cheilosis
C0235031,Neurologic Symptoms
C0936215,Vitamin B 6 Deficiency
C1527330,Pyridoxine Deficiency
C0004576,Babesiosis
C0016385,Cardiac Flutter
C0023218,Cramps of lower extremities
C0024530,Malaria
C0024535,"Malaria, Falciparum"
C0027125,Myotonia
C0085612,Ventricular arrhythmia
C0750197,Sustained ventricular tachycardia
C0858318,Plasmodium falciparum infection
C0001144,Acne Vulgaris
C0038238,Steatorrhea
C0042842,Vitamin A Deficiency
C0031485,Phenylketonurias
C0004134,Ataxia
C0005122,Beriberi
C0015967,Fever
C0018801,Heart failure
C0021831,Intestinal Diseases
C0028738,Nystagmus
C0029089,Ophthalmoplegia
C0031117,Peripheral Neuropathy
C0039841,Thiamine Deficiency
C0043121,Wernicke Encephalopathy
C0234985,Mental deterioration
C0743971,Chronic fever
C0016059,Fibrosis
C0019196,Hepatitis C
C0042769,Virus Diseases
C0151905,Alanine aminotransferase increased
C0392390,Hepatitis B e antigen positive
C0524909,"Hepatitis B, Chronic"
C0028754,Obesity
C0041671,Attention Deficit Disorder
C0085633,Mood swings
C0151611,Electroencephalogram abnormal
C0233415,Distractibility
C0424295,Hyperactive behavior
C0751265,Learning Disabilities
C0004659,Bacteriuria
C0010692,Cystitis
C0034186,Pyelonephritis
C0262421,Chronic UTI
C0003868,"Arthritis, Gouty"
C0004604,Back Pain
C0006444,Bursitis
C0009443,Common Cold
C0013390,Dysmenorrhea
C0016053,Fibromyalgia
C0026857,Musculoskeletal Diseases
C0030201,"Pain, Postoperative"
C0038013,Ankylosing spondylitis
C0038045,Sprain
C0039503,Tendinitis
C0040460,Toothache
C0041582,Ulcer
C0042384,Vasculitis
C0149875,Primary dysmenorrhea
C0150055,Chronic pain
C0152031,Joint swelling
C0234238,Ache
C0235309,Upset stomach
C0235707,Lumbo-sacral pain
C0263854,Osteoarthritis of cervical spine
C0410022,Supraspinatus tendonitis
C0427008,Stiffness
C0546953,Subacromial bursitis
C0567085,Pain of uterus
C1740836,Acute migraine
C2062908,Gout acute
C3263723,Traumatic injury
C0023443,Hairy Cell Leukemia
C1868683,"B-CELL MALIGNANCY, LOW-GRADE"
C0001175,Acquired Immunodeficiency Syndrome
C0005684,Malignant neoplasm of urinary bladder
C0005695,Bladder Neoplasm
C0006118,Brain Neoplasms
C0007121,Bronchogenic Carcinoma
C0007131,Non-Small Cell Lung Carcinoma
C0007137,Squamous cell carcinoma
C0019829,Hodgkin Disease
C0021051,Immunologic Deficiency Syndromes
C0025202,melanoma
C0026764,Multiple Myeloma
C0027627,Neoplasm Metastasis
C0027708,Nephroblastoma
C0027819,Neuroblastoma
C0029925,Ovarian Carcinoma
C0035412,Rhabdomyosarcoma
C0036220,Kaposi Sarcoma
C0086565,Liver Dysfunction
C0149925,Small cell carcinoma of lung
C0235974,Pancreatic carcinoma
C0276535,AIDS with Kaposis sarcoma
C0278488,Carcinoma breast stage IV
C0278688,Stage IV Ovarian Carcinoma
C0278828,Stage IV Bladder Cancer AJCC v6
C0279680,Transitional cell carcinoma of bladder
C0376358,Malignant neoplasm of prostate
C0476089,Endometrial Carcinoma
C0494165,Metastases to liver
C0549473,Thyroid carcinoma
C0553580,Ewings sarcoma
C0677483,Carcinoma testes
C0677886,Epithelial ovarian cancer
C0678222,Breast Carcinoma
C0684249,Carcinoma of lung
C0687133,Drug Interactions
C0699791,Stomach Carcinoma
C0699885,Carcinoma of bladder
C0849867,Generalized illness
C1140680,Malignant neoplasm of ovary
C1261473,Sarcoma
C1378703,Renal carcinoma
C1384494,Metastatic Carcinoma
C1704327,Bone Sarcoma
C2239176,Liver carcinoma
C3160887,Node-positive breast cancer
C3160888,Metastatic gastric adenocarcinoma
C3203710,Bladder transitional cell carcinoma metastatic
C3495917,Advanced breast cancer
C0026769,Multiple Sclerosis
C0311394,Difficulty walking
C0014544,Epilepsy
C0014556,"Epilepsy, Temporal Lobe"
C0038220,Status Epilepticus
C0239981,Hypoalbuminemia
C0311335,Grand Mal Status Epilepticus
C0751494,Convulsive Seizures
C0149893,Secondary glaucoma
C0154946,Acute angle-closure glaucoma
C0339573,"Glaucoma, Primary Open Angle"
C0857070,Chronic open angle glaucoma
C0002893,Refractory anemias
C0002894,Refractory anaemia with excess blasts
C0023480,"Leukemia, Myelomonocytic, Chronic"
C0024115,Lung diseases
C0027022,Myeloproliferative disease
C0027947,Neutropenia
C0280028,Refractory anemia with excess blasts in transformation
C0334044,Dysplasia
C0002878,"Anemia, Hemolytic"
C0003872,"Arthritis, Psoriatic"
C0005138,Berylliosis
C0008513,Chorioretinitis
C0008526,Choroiditis
C0009324,Ulcerative Colitis
C0009326,Collagen Diseases
C0009766,Allergic Conjunctivitis
C0011606,Exfoliative dermatitis
C0011615,"Dermatitis, Atopic"
C0011616,Contact Dermatitis
C0011633,Dermatomyositis
C0013182,Drug Allergy
C0014335,Enteritis
C0014488,Epicondylitis
C0017178,Gastrointestinal Diseases
C0019364,Herpes Zoster Ophthalmicus
C0020437,Hypercalcemia
C0022073,Iridocyclitis
C0022081,Iritis
C0022568,Keratitis
C0023052,Laryngeal Edema
C0024141,"Lupus Erythematosus, Systemic"
C0026948,Mycosis Fungoides
C0027726,Nephrotic Syndrome
C0029077,"Ophthalmia, Sympathetic"
C0029134,Optic Neuritis
C0030807,Pemphigus
C0033687,Proteinuria
C0035439,Rheumatic Heart Disease
C0035457,"Rhinitis, Allergic, Perennial"
C0036202,Sarcoidosis
C0036508,Seborrheic dermatitis
C0038325,Stevens-Johnson Syndrome
C0039103,Synovitis
C0039520,Tenosynovitis
C0040896,Trichinellosis
C0041318,"Tuberculosis, Meningeal"
C0041327,"Tuberculosis, Pulmonary"
C0041948,Uremia
C0042167,"Uveitis, Posterior"
C0043117,"Purpura, Thrombocytopenic, Idiopathic"
C0085655,Polymyositis
C0085932,"Skin Diseases, Bullous"
C0151467,Addisonian crisis
C0154301,Secondary thrombocytopenia
C0155067,Corneal ulcer marginal
C0178416,Hypoplastic anemia
C0234933,Erythema multiforme severe
C0242459,Simple Pulmonary Eosinophilia
C0271738,Secondary adrenocortical insufficiency
C0274435,Transfusion Reaction
C0409974,Lupus Erythematosus
C0877221,Decreased erythroid precursor production
C1535939,Pneumocystis jiroveci pneumonia
C1761609,Aspiration pneumonitis
C0242656,Disease Progression
C2363980,Cross resistance
C0004030,Aspergillosis
C0005716,Blastomycosis
C0006849,Oral candidiasis
C0006852,Candidiasis of vagina
C0007587,Cell Death
C0009186,Coccidioidomycosis
C0010414,Infection by Cryptococcus neoformans
C0015376,Extravasation
C0019655,Histoplasmosis
C0023290,"Leishmaniasis, Visceral"
C0026718,Mucormycosis
C0038034,Sporotrichosis
C0043541,Zygomycosis
C0085436,"Meningitis, Cryptococcal"
C0085593,Chills
C0151578,Creatinine increased
C0151746,Kidney function abnormal
C0153252,Systemic candidiasis
C0239295,Oesophageal candidiasis
C0424790,Rigor - Temperature-associated observation
C0425945,Prolonged menses
C1328252,Mucocutaneous leishmaniasis
C0151636,Premature ventricular contractions
C0340464,Premature Cardiac Complex
C0857121,Hypertensive (finding)
C0013395,Dyspepsia
C0027424,Nasal congestion (finding)
C0027796,Neuralgia
C0033893,Tension Headache
C0037195,Sinus headache
C0037199,Sinusitis
C0184567,Acute onset pain
C0231528,Myalgia
C0235162,Difficulty sleeping
C0242429,Sore Throat
C0522251,Sinus pain
C0850149,Dry cough
C0948873,Flu symptoms
C1260880,Rhinorrhea
C2939465,Deficiency of glucose-6-phosphate dehydrogenase
C0014553,Absence Epilepsy
C0238284,Mountain sickness acute
C0042487,Venous Thrombosis
C0040128,Thyroid Diseases
C0079043,Bronchoconstriction
C0178879,Urinary tract obstruction
C0264423,"Asthma, Occupational"
C0153594,Malignant neoplasm of testis
C1135868,Gestational Trophoblastic Neoplasms
C0007860,Uterine Cervicitis
C0018081,Gonorrhea
C0033246,Proctitis
C0041976,Urethritis
C0010823,Cytomegalovirus Infections
C0019340,Herpes
C0019342,Genital Herpes
C0019345,Herpes Labialis
C0019348,Herpes Simplex Infections
C0019357,"Keratitis, Herpetic"
C0019360,Herpes zoster disease
C0019372,Herpesviridae Infections
C0032768,Postherpetic neuralgia
C0036916,Sexually Transmitted Diseases
C0042165,Anterior uveitis
C0042749,Viremia
C0205204,Scab
C0276225,Congenital herpes simplex infection
C0276226,Herpes encephalitis
C0276248,Herpes zoster disseminated
C0277794,Extreme exhaustion
C0332563,Papule
C1739133,Mucocutaneous herpes simplex
C0010709,Cyst
C0013502,Echinococcosis
C0338437,Neurocysticercosis
C0004099,"Asthma, Exercise-Induced"
C0008677,"Bronchitis, Chronic"
C0015263,"Bronchospasm, Exercise-Induced"
C0022876,Premature Obstetric Labor
C0038218,Status Asthmaticus
C0039239,Sinus Tachycardia
C0349790,Exacerbation of asthma
C0421207,Reversible airways obstruction
C0520966,Abnormal coordination
C0600260,"Lung Diseases, Obstructive"
C2712143,Actual Positive Heart Rate
C0005940,Bone Diseases
C0029401,Osteitis Deformans
C0080179,Spinal Fractures
C0262431,Spinal compression fracture
C0277885,Blood pressure systolic decreased
C0341742,Acute retention of urine
C1704272,Benign Prostatic Hyperplasia
C0017919,Glycogen Storage Disease
C0022650,Kidney Calculi
C0023374,Lesch-Nyhan Syndrome
C0027013,Myeloid Metaplasia
C0032463,Polycythemia Vera
C0041981,Uric acid level increased
C0221248,Tophus
C0409908,Secondary gout
C0541875,Joint destruction
C0740394,Hyperuricemia
C0948643,Hyperuricosuria
C2955673,Urate nephropathy
C0015732,Fecal Incontinence
C0022104,Irritable Bowel Syndrome
C0231170,Disability
C1262211,Diarrhoea predominant irritable bowel syndrome
C0001807,Aggressive behavior
C0001818,Agoraphobia
C0003469,Anxiety Disorders
C0006012,Borderline Personality Disorder
C0008031,Chest Pain
C0008301,Choking
C0011551,Depersonalization
C0011579,Reactive depression
C0022107,Irritable Mood
C0028643,Numbness
C0030319,Panic Disorder
C0030554,Paresthesia
C0031572,"Phobia, Social"
C0038436,Post-Traumatic Stress Disorder
C0038661,Suicide
C0039231,Tachycardia
C0042023,Increased frequency of micturition
C0043352,Xerostomia
C0086132,Depressive Symptoms
C0086769,Panic Attacks
C0220870,Lightheadedness
C0221423,Illness (finding)
C0231530,Muscle twitch
C0233485,apprehension
C0233494,Tension
C0233754,Derealization
C0234233,Sore to touch
C0234369,Trembling
C0235240,Pounding heart
C0235295,Abdominal distress
C0242151,Violent
C0270549,Generalized Anxiety Disorder
C0282126,"Depression, Neurotic"
C0338908,Anxiety depression
C0349231,Phobic anxiety disorder
C0522179,Fear of death
C0546947,Choking sensation
C0563270,Shaky feelings
C0564500,Phobic avoidance
C0577559,Mass of body structure
C0700613,Anxiety state
C0740858,Substance abuse problem
C1279420,Anxiety neurosis (finding)
C1740801,Exaggerated startle response
C2242996,Has tingling sensation
C0278689,Ovarian epithelial cancer recurrent
C0007020,Carbon Monoxide Poisoning
C0021400,Influenza
C0027868,Neuromuscular Diseases
C0030568,"Parkinson Disease, Postencephalitic"
C0030569,Secondary Parkinson Disease
C0034072,Cor pulmonale
C0035243,Respiratory Tract Infections
C0242422,Parkinsonian Disorders
C0264220,Chronic respiratory disease
C0858004,Influenza A virus infection
C0877854,Cerebral Arteriosclerosis
C0027822,Neurodermatitis
C0002940,Aneurysm
C0003857,Congenital arteriovenous malformation
C0004114,Astrocytoma
C0007785,Cerebral Infarction
C0014474,Ependymoma
C0017636,Glioblastoma
C0017638,Glioma
C0018944,Hematoma
C0021308,Infarction
C0025149,Medulloblastoma
C0025286,Meningioma
C0027858,Neuroma
C0031941,Pineal Gland Neoplasm
C0032000,Pituitary Adenoma
C0206660,Germinoma
C0595916,Nephropathy toxic
C0858744,Infection induced
C0031154,Peritonitis
C0262655,Recurrent urinary tract infection
C0456103,Sepsis neonatal
C0684256,Bacterial sepsis
C0206667,Adrenal Cortical Adenoma
C0221406,Pituitary-dependent Cushings disease
C1370740,Adrenal carcinoma
C1621895,Adrenal hyperplasia
C0877430,Asthma chronic
C0011071,Sudden death
C0034069,Pulmonary Fibrosis
C0042510,Ventricular Fibrillation
C0155709,Atrial fibrillation and flutter
C0428908,Sinus Node Dysfunction (disorder)
C1145670,Respiratory Failure
C1739149,Recurrent ventricular fibrillation
C0011253,Delusions
C0018524,Hallucinations
C0036341,Schizophrenia
C0221765,Chronic schizophrenia
C0233469,Blunted affect
C0424095,Social withdrawal
C0011573,Endogenous depression
C0014394,Enuresis
C0270327,Bedwetting
C0038363,Aphthous Stomatitis
C0010073,Coronary Artery Vasospasm
C0011881,Diabetic Nephropathy
C0034063,Pulmonary Edema
C0085616,Vasospasm
C0235462,Anginal attack
C0340288,Stable angina
C0520887,ST segment depression (finding)
C0040261,Onychomycosis
C0011570,Mental Depression
C0033975,Psychotic Disorders
C0007194,Hypertrophic Cardiomyopathy
C0013295,Duodenal Ulcer
C0014118,Endocarditis
C0014121,Bacterial Endocarditis
C0014836,Escherichia coli Infections
C0021345,Infectious Mononucleosis
C0026267,Mitral Valve Prolapse Syndrome
C0031350,Pharyngitis
C0040425,Tonsillitis
C0232807,Function kidney decreased
C2004489,Regurgitation
C0013369,Dysentery
C0036685,"Septicaemia due to gram-negative organism, unspecified"
C0085437,"Meningitis, Bacterial"
C0348801,Group B streptococcal pneumonia
C1264613,Gastrointestinal infection
C3665800,Streptococcal endocarditis
C0040028,"Thrombocythemia, Essential"
C0040053,Thrombosis
C0836924,Thrombocytosis
C0014742,Erythema Multiforme
C0039242,Tachyphylaxis
C0272285,Heparin-induced thrombocytopenia
C0007787,Transient Ischemic Attack
C0007859,Neck Pain
C0027121,Myositis
C0035436,Rheumatic Fever
C0038012,Spondylitis
C0085636,Photophobia
C0751466,Phonophobia
C1861172,Venous Thromboembolism
C0010054,Coronary Arteriosclerosis
C0221155,Systolic hypertension
C0428977,Bradycardia
C0001925,Albuminuria
C0001973,"Alcoholic Intoxication, Chronic"
C0004153,Atherosclerosis
C0007273,Carotid Artery Diseases
C0020445,"Hypercholesterolemia, Familial"
C0020479,Hyperlipoproteinemia Type III
C0021655,Insulin Resistance
C0035309,Retinal Diseases
C0043096,Body Weight decreased
C0151691,High density lipoprotein decreased
C0271650,Impaired glucose tolerance
C0311277,"Obesity, Abdominal"
C0342881,Homozygous familial hypercholesterolaemia
C0342882,Heterozygous familial hypercholesterolemia
C0474395,Behavior showing increased motor activity
C0524620,Metabolic Syndrome X
C0549634,Lipids abnormal
C2712907,Combined hyperlipidaemia
C0002880,Autoimmune hemolytic anemia
C0010346,Crohn Disease
C0019156,Hepatic Veno-Occlusive Disease
C0021390,Inflammatory Bowel Diseases
C0030809,Pemphigus Vulgaris
C0031036,Polyarteritis Nodosa
C0520463,Chronic active hepatitis
C0035854,Rosacea
C0041834,Erythema
C0241157,pustule
C0032781,Posterior rhinorrhea
C0035460,"Rhinitis, Vasomotor"
C0037383,Sneezing
C2607914,Allergic rhinitis (disorder)
C0000833,Abscess
C0001344,Acute pharyngitis
C0007947,Chancroids
C0009763,Conjunctivitis
C0015663,Fasting
C0024198,Lyme Disease
C0026916,Mycobacterium avium-intracellulare Infection
C0026918,Mycobacterium Infections
C0032302,Mycoplasma pneumonia
C0036689,Pharyngitis streptococcal
C0039128,Syphilis
C0040592,Trachoma
C0041912,Upper Respiratory Infections
C0043167,Pertussis
C0149725,Lower respiratory tract infection
C0151281,Genital ulceration
C0205721,"Infections, Hospital"
C0242172,Pelvic Inflammatory Disease
C0264344,Bronchitis bacterial
C0271429,Otitis media acute
C0339959,Chlamydial pneumonia
C0600031,Congenital absence of spleen
C0694549,Community acquired pneumonia
C0702166,Acne
C0852859,Blood culture negative
C0857866,Streptococcus pyogenes pharyngitis
C1112709,non-gonococcal urethritis (NGU)
C1262006,Sinusitis bacterial
C0014179,Endometritis
C0030455,Parametritis
C0033817,Pseudomonas Infections
C0235280,Ototoxicity
C0262380,Asymptomatic bacteriuria
C0851989,Bone and joint infections
C1262234,Gynecological infection
C0006111,Brain Diseases
C0007789,Cerebral Palsy
C0007820,Cerebrovascular Disorders
C0009024,Clonus
C0018674,Craniocerebral Trauma
C0026826,Muscle Hypertonia
C0026837,Muscle Rigidity
C0026838,Muscle Spasticity
C0037763,Spasm
C0037928,Spinal Cord Diseases
C0037929,Spinal Cord Injuries
C0232841,Bladder dysfunction
C0235063,Respiratory Depression
C0270611,Brain Injuries
C0876926,Traumatic Brain Injury
C0016397,Focal Infection
C0021807,Intertrigo
C0023646,Lichen Planus
C0024138,"Lupus Erythematosus, Discoid"
C0027430,Nasal Polyps
C0032584,polyps
C0149922,Lichen Simplex Chronicus
C0848309,Rhinitis perennial
C0035067,Renal Artery Stenosis
C0013456,Earache
C0155393,Acute swimmers ear
C0015371,Extrapyramidal Disorders
C0686347,Tardive Dyskinesia
C0030758,Body louse infestation
C0001261,Actinomycosis
C0003175,Anthrax disease
C0006057,Botulism
C0008489,Chorea
C0009062,Clostridium Infections
C0012546,Diphtheria
C0014009,Empyema
C0014122,Subacute Bacterial Endocarditis
C0014733,Erysipelas
C0017105,Gas Gangrene
C0017575,Necrotizing Ulcerative Gingivitis
C0018824,Heart valve disease
C0023860,Listeriosis
C0025294,Meningococcal meningitis
C0027927,Neurosyphilis
C0029882,Otitis Media
C0030636,Pasteurella Infections
C0031046,Pericarditis
C0031946,Pinta
C0032269,Pneumococcal Infections
C0032308,Staphylococcal Pneumonia
C0034686,Rat-Bite Fever
C0036285,Scarlet Fever
C0038395,Streptococcal Infections
C0039131,"Syphilis, Congenital"
C0043241,Wound Infection
C0043388,Yaws
C0149778,Soft Tissue Infections
C0152021,Congenital heart disease
C0152063,Streptobacillary fever
C0155866,Inhalational anthrax
C0156221,Glomerulonephritis acute
C0243026,Sepsis
C0851850,Bacillary infections
C1276801,Infection due to Erysipelothrix rhusiopathiae (disorder)
C0025281,Meniere Disease
C0040264,Tinnitus
C0042571,Vertigo
C1384666,hearing impairment
C0015397,Disorder of eye
C0023067,Laryngitis
C0035229,Respiratory Insufficiency
C0036203,Cutaneous sarcoidosis
C0039483,Giant Cell Arteritis
C0751711,Anterior Ischemic Optic Neuropathy
C0857305,Thrombocytopenic purpura
C0028840,Ocular Hypertension
C0080274,Urinary Retention
C0862636,Adenocarcinoma of the prostate metastatic
C0009806,Constipation
C0232197,Cardiac fibrillation
C0017612,"Glaucoma, Open-Angle"
C0020302,Hydrophthalmos
C0239488,Erythema facial
C0231303,Distress
C0010200,Coughing
C0002453,Amenorrhea
C0013384,Dyskinetic syndrome
C0016034,Breast Fibrocystic Disease
C0021359,Infertility
C0021361,Female infertility
C0024902,Mastodynia
C0028949,Oligomenorrhea
C0028960,Oligospermia
C0033046,Premenstrual syndrome
C0033375,Prolactinoma
C0235660,Galactorrhea not associated with childbirth
C0262397,Breast tenderness
C0392702,Abnormal involuntary movements
C0404576,Luteal phase deficiency
C0747102,Ovarian failure
C1291077,Abdominal bloating
C2939186,Disturbance in mood
C2981158,Lack of libido
C0010380,Croup
C0155919,Acute pulmonary oedema
C0004245,Atrioventricular Block
C0036973,Shivering
C0162297,Respiratory arrest
C0235169,Excitability
C0474368,Labor Pain
C0524662,Opiate Addiction
C1739422,Opioid naive
C0005747,Blepharospasm
C0080194,Muscle strain
C0392703,Shakiness
C0542238,Tingling feet/hands
C0549209,Feeling jittery
C0919568,Impatience
C0039730,Thalassemia
C0679254,Disease recurrence
C0032024,Pityriasis
C0040247,Tinea
C0040252,Tinea corporis (disorder)
C0040259,Tinea Pedis
C1384589,Tinea cruris
C1527358,Phototoxicity
C0003128,Anovulation
C0008924,Cleft Lip
C0014008,Empty Sella Syndrome
C0032019,Pituitary Neoplasms
C0410916,Death neonatal
C3160881,Primary apnea of premature newborns
C0021775,Intermittent Claudication
C0428776,Cardiac index
C0542052,Coronary artery insufficiency
C0577698,Exercise-induced angina
C0694539,Chronic atrial fibrillation
C1328539,Reflex tachycardia
C0406317,Plaque psoriasis
C0406326,Psoriasis of scalp
C0005944,Metabolic Bone Disorder
C0020503,"Hyperparathyroidism, Secondary"
C0029405,Osteitis Fibrosa Cystica
C0033806,Pseudohypoparathyroidism
C0035086,Renal Osteodystrophy
C0264009,Osteodystrophy
C0748089,PTH high
C1533591,Calcification
C1704375,Hypophosphatemic Rickets
C1277187,Left ventricular systolic dysfunction
C0876973,Lung infection
C1622502,Portal cirrhosis
C0042380,Vascular resistance
C0242698,"Ventricular Dysfunction, Left"
C0262428,Collagen-vascular disease
C0553704,Serum potassium increased
C0730345,Microalbuminuria
C0855389,Renin decreased
C0857175,Postinfarction
C0858237,Aldosterone low
C0005586,Bipolar Disorder
C0011848,Diabetes Insipidus
C0011882,Diabetic Neuropathies
C0014547,"Epilepsies, Partial"
C0014550,"Epilepsies, Myoclonic"
C0015468,Facial Pain
C0032617,Polyuria
C0040997,Trigeminal Neuralgia
C0041657,Unconscious State
C0085602,Polydipsia
C0154731,Glossopharyngeal Neuralgia
C0234974,Simple Partial Seizures
C0235165,Mania acute
C0236663,Alcohol withdrawal syndrome
C0270846,Atonic seizures
C0338831,Manic
C0349208,Manic episode
C0494475,Tonic - clonic seizures
C0525045,Mood Disorders
C0751495,"Seizures, Focal"
C0853193,Bipolar I disorder
C0033581,prostatitis
C0343065,Urticaria physical
C0151773,Bone marrow depression
C0677865,Brain stem glioma
C1621958,Glioblastoma Multiforme
C0242453,Prostatism
C0242973,Ventricular Dysfunction
C0264716,Cardiac failure chronic
C0268790,Renal vessel disorder
C0349782,Ischemic cardiomyopathy
C0428877,Atrial Pressure
C0877438,Non-ischemic cardiomyopathy
C0030824,Penicillin allergy
C0037278,"Skin Diseases, Infectious"
C0149514,Acute bronchitis
C1412002,Atypical pneumonia
C0014534,Epididymitis
C0022354,"Jaundice, Obstructive"
C0149520,"Cholecystitis, Acute"
C0729552,Genital infection
C0005758,Bulla
C0376545,Hematologic Neoplasms
C0746883,Febrile Neutropenia
C0004626,"Pneumonia, Bacterial"
C0006035,Borrelia Infections
C0007642,Cellulitis
C0007684,Central Nervous System Infection
C0024110,Lung Abscess
C0029443,Osteomyelitis
C0085697,Pyelonephritis chronic
C0851881,Enterococcal infection
C1455718,Neurological ventriculitis
C1692886,"Arthritis, Bacterial"
C2939130,Other bacterial diseases
C0030790,Pelvic Infection
C0243001,Abdominal Abscess
C0275524,Coinfection
C0149523,Acute cystitis
C0006285,Bronchopneumonia
C0014356,Enterocolitis
C0024894,Mastitis
C0024904,Mastoiditis
C0029400,Osteitis
C0032231,Pleurisy
C0034183,Pyelitis
C1698510,Otitis media bacterial
C0085694,Cholecystitis chronic
C1141920,Shunt infection
C0021099,Impetigo
C0024959,Maxillary Sinusitis
C0151521,Overgrowth bacterial
C2936894,Erythema migrans
C0021846,Intestinal Polyps
C0032580,Adenomatous Polyposis Coli
C0037578,Soft Tissue Injuries
C0850572,Colon adenoma
C0949059,Large intestine polyp
C0149524,Acute prostatitis
C0877046,Tooth infection
C0549399,Low density lipoprotein increased
C1704417,Hyperlipoproteinemia Type IIb
C0263338,Urticaria chronic
C0332575,Redness
C0423153,Lacrimation
C0578870,Chronic spontaneous urticaria
C3257803,Watery eyes
C1527336,Sjogrens Syndrome
C0023434,Chronic Lymphocytic Leukemia
C0023448,Lymphoid leukemia
C0024301,"Lymphoma, Follicular"
C0024419,Waldenstrom Macroglobulinemia
C0242647,Mucosa-Associated Lymphoid Tissue Lymphoma
C0334634,"Malignant lymphoma, lymphocytic, intermediate differentiation, diffuse"
C0948216,Ovarian adenocarcinoma
C0011334,Dental caries
C0017565,Gingival Hemorrhage
C0017574,Gingivitis
C0031099,Periodontitis
C0038999,Swelling
C0266929,Chronic Periodontitis
C0564444,Skin wound
C0002438,Amebiasis
C0024536,Quartan malaria
C0858319,Plasmodium malariae infection
C0858320,Plasmodium ovale infection
C0858321,Plasmodium vivax infection
C0232989,Normal pregnancy
C0235437,Gravitational oedema
C0546817,Fluid overload
C0033775,Pruritus Ani
C0016770,Frustration
C0026266,Mitral Valve Insufficiency
C0149654,Conduct Disorder
C0162565,Acute intermittent porphyria
C0744896,Intractable hiccups
C0020438,Hypercalciuria
C0042485,Venous Insufficiency
C0268000,Fluid retention
C0006840,Candidiasis
C0006846,Cutaneous Candidiasis
C0011630,Dermatomycoses
C0027339,Nail Diseases
C0221244,Seborrheic dermatitis of scalp
C0020545,"Hypertension, Renovascular"
C0017150,Gastrinoma
C0017168,Gastroesophageal reflux disease
C0018834,Heartburn
C0041909,Upper gastrointestinal hemorrhage
C0043515,Zollinger-Ellison syndrome
C0151713,Hyperchlorhydria
C0221013,"Mastocytosis, Systemic"
C0235304,Acid indigestion
C0267055,Erosive esophagitis
C0267167,Nonulcer dyspepsia
C0860277,Sour stomach
C2741638,Stress ulcer
C0001577,Adnexitis
C0005741,Blepharitis
C0010043,Corneal Ulcer
C0017160,Gastroenteritis
C0022408,Arthropathy
C0030528,Paratyphoid Fever
C0155862,Streptococcal pneumonia
C0232815,Renal clearances low
C0268186,Congenital glucose-galactose malabsorption
C0340238,Infectious disorder of bronchus
C0740766,Acute pneumonia
C0748023,Bacterial prostatitis
C0856695,Acute exacerbation of chronic bronchitis
C0949083,Nosocomial pneumonia
C0008497,Choriocarcinoma
C0025500,Mesothelioma
C0039590,Testicular Neoplasms
C0153601,Malignant neoplasm of penis
C0153633,Malignant neoplasm of brain
C0279637,Anal carcinoma
C0302592,Cervix carcinoma
C0345904,Malignant neoplasm of liver
C0546837,Malignant neoplasm of esophagus
C0740457,Malignant neoplasm of kidney
C0919267,ovarian neoplasm
C0002395,Alzheimers Disease
C0002622,Amnesia
C0007780,Cerebral Embolism
C0009241,Cognition Disorders
C0011263,Multi-infarct dementia
C0013146,Drug abuse
C0020039,Hostility
C0020651,"Hypotension, Orthostatic"
C0022116,Ischemia
C0025193,Melancholia
C0028768,Obsessive-Compulsive Disorder
C0038525,Subarachnoid Hemorrhage
C0079102,Cerebral Thrombosis
C0232744,Function liver decreased
C0233697,Obsessions
C0344232,Blurred vision
C0392156,Akathisia
C0424296,Social disinhibition
C0497327,Dementia
C0600104,Obsessive compulsive behavior
C0858603,Wave slowing
C1704373,Compulsive Personality Disorder
C1760428,Suicidal behaviour
C2937358,Cerebral Hemorrhage
C0027059,Myocarditis
C0030578,Paronychia Inflammation
C0031085,Periodontal Abscess
C0036130,Salpingitis
C0041343,Tubo-ovarian abscess
C0042267,Vaginitis
C0042998,Vulvovaginitis
C0085166,Bacterial Vaginosis
C0151594,Diarrhoea haemorrhagic
C0221228,Comedone
C0227791,Vaginal Discharge
C0242301,furuncle
C1168324,panaritium
C1257843,pseudomembranous colitis
C1622505,Gardnerella vaginitis
C0238111,Lennox-Gastaut syndrome
C0015256,Excoriation
C0023653,Lichenification
C0332534,Induration
C3495866,Non-scalp psoriasis
C0162820,"Dermatitis, Allergic Contact"
C0263353,Prurigo nodularis
C1384489,Scratch marks
C0023343,Leprosy
C0023348,"Leprosy, Lepromatous"
C0343467,Erythema nodosum leprosum
C0001621,Adrenal Gland Diseases
C0015914,Fertilization
C0018418,Gynecomastia
C0021364,Male infertility
C0029927,Ovarian Cysts
C0032460,Polycystic Ovary Syndrome
C0042133,Uterine Fibroids
C0232940,Amenorrhea secondary
C0392039,Ovarian enlargement
C0429468,Anovulatory cycle
C0007384,Cataplexy
C0027404,Narcolepsy
C0031212,Personality Disorders
C0231337,Senility
C0236051,Tolerance development
C0347869,"Epilepsy, Akinetic"
C0546878,Nodding spasm
C0020544,Renal hypertension
C0020546,Hypertensive crisis
C0042376,Vascular Headaches
C0234245,Visceral Pain
C0542476,Forgetfulness
C0741884,End stage cancer
C1263846,Attention deficit hyperactivity disorder
C0268732,Nephritic syndrome
C0520886,ST segment elevation (finding)
C0857496,Thromboembolic event
C0860155,Non-Q wave MI
C0948008,Ischemic stroke
C0948089,Acute Coronary Syndrome
C1704436,Peripheral Arterial Diseases
C0014752,Erythrasma
C0040262,Tinea Versicolor
C0276684,Balanitis candida
C0343863,Genital candidiasis
C0700345,"Candidiasis, Vulvovaginal"
C0919659,Oropharyngeal candidiasis
C0001824,Agranulocytosis
C0023530,Leukopenia
C0027066,Myoclonus
C0036337,Schizoaffective Disorder
C1619733,Gout flare
C0009773,"Conjunctivitis, Vernal"
C0022573,Keratoconjunctivitis
C0024899,Mastocytosis
C0005750,Blind Loop Syndrome
C0007570,Celiac Disease
C0012561,Diphyllobothriasis
C0017154,"Gastritis, Atrophic"
C0021832,"Intestinal Diseases, Parasitic"
C0038054,"Sprue, Tropical"
C0042441,Vegetarian (finding
C0042847,Vitamin B 12 Deficiency
C0240066,Iron deficiency
C0267380,Crohns disease of the ileum
C0344351,"Diet, Gluten-Free"
C0007682,CNS disorder
C0235238,Cycloplegia
C0004364,Autoimmune Diseases
C0006413,Burkitt Lymphoma
C0018129,Graft Rejection
C0023479,Acute myelomonocytic leukemia
C0024314,Lymphoproliferative Disorders
C0025061,Mediastinal Diseases
C0035335,Retinoblastoma
C0043092,Wegener Granulomatosis
C0079744,Diffuse Large B-Cell Lymphoma
C0079748,Precursor cell lymphoblastic lymphoma
C0242379,Malignant neoplasm of lung
C0598894,Monocytic leukemia
C0017665,Membranous glomerulonephritis
C0018133,Graft-vs-Host Disease
C0022575,Keratoconjunctivitis Sicca
C0027721,Lipoid nephrosis
C0042164,Uveitis
C0178664,Glomerulosclerosis (disorder)
C0268731,Renal glomerular disease
C0403397,Steroid-resistant nephrotic syndrome
C0221207,Cold urticaria
C0002170,Alopecia
C0015799,Feminization
C0019572,Hirsutism
C0162311,Androgenetic Alopecia
C0006145,Breast Diseases
C0019243,"Angioedemas, Hereditary"
C0025323,Menorrhagia
C0038435,Stress
C0010520,Cyanosis
C0020440,Hypercapnia
C0027849,Neuroleptic Malignant Syndrome
C0231441,Immobile
C0342952,Hypermetabolism
C0002875,Cooleys anemia
C0282193,Iron Overload
C0018995,Hemochromatosis
C0019114,Hemosiderosis
C0020639,Hypoproteinemia
C0162566,Porphyria Cutanea Tarda
C0221040,Dialysis dementia
C0239946,"Fibrosis, Liver"
C1739382,Chronic iron overload
C3495831,Aluminium overload
C0041667,Underweight
C0278079,Dependence psychological
C0011574,Involutional Depression
C0270458,Psychotic depression
C0000731,Abdomen distended
C0001622,Adrenal Gland Hyperfunction
C0001627,Congenital adrenal hyperplasia
C0002171,Alopecia Areata
C0003860,Arteritis
C0009319,Colitis
C0010543,Cyclitis
C0011620,Stasis dermatitis
C0021355,Infective otitis externa
C0022548,Keloid
C0031308,Phagocytosis
C0034902,Pure Red-Cell Aplasia
C0035220,"Respiratory Distress Syndrome, Newborn"
C0035328,Retinal Vein Occlusion
C0085074,Granuloma Annulare
C0085656,Eczema nummular
C0086196,"Eczema, Infantile"
C0151526,Premature Birth
C0154841,Central retinal vein occlusion
C0220650,Metastatic malignant neoplasm to brain
C0259799,Punctate keratitis
C0263351,Senile pruritus
C0271051,Macular retinal edema
C0339289,Injury of cornea
C0339505,Venous retinal branch occlusion
C0392445,Necrobiosis Lipoidica Diabeticorum
C0497209,Infective conjunctivitis
C0541936,Enteritis ulcerative
C0701836,Thermal burn
C0730285,Diabetic macular edema
C0851520,Endocrine disorders congenital
C0948387,Secondary Adrenal Insufficiency
C1260881,Allergic bronchitis
C1260899,"Anemia, Diamond-Blackfan"
C1275687,Herpes zoster keratitis
C1442835,Solar dermatitis
C1527407,Eosinophilic Pneumonia
C1704321,"Nephrotic Syndrome, Minimal Change"
C1704437,Respiratory Distress Syndrome
C1956391,Temporal Arteritis
C2586050,Ulcerative esophagitis
C1971624,Loss of appetite (finding)
C0004158,Athetosis
C0011206,Delirium
C0030486,Paraplegia
C0037320,Night Terrors
C0037672,Somnambulism
C0085292,Stiff-Person Syndrome
C0234972,Convulsive disorder
C0858854,Unrest
C0948391,Convulsion in childhood
C0020507,Hyperplasia
C0027697,Nephritis
C0151620,Hypertensive Encephalopathy
C0860493,Refractory hypertension
C0009088,Cluster Headache
C0009938,Contusions
C0013687,effusion
C0019189,"Hepatitis, Chronic"
C0029877,Ear Inflammation
C0086543,Cataract
C0151824,Biliary Colic
C0152169,Renal Colic
C0263746,Osteoarthritis of the hand
C0877148,Pharyngotonsillitis
C0949690,Spondylarthritis
C1611174,Post-traumatic pain
C1619727,Decompensated cirrhosis
C2712871,Gout attack
C1739363,Prostatic Hypertrophy
C0020480,Hyperlipoproteinemia Type IV
C0017086,Gangrene
C0035357,Retroperitoneal fibrosis
C0162529,"Colitis, Ischemic"
C0270860,Basilar-Type Migraine
C0812387,Feels cold
C0917798,Cerebral Ischemia
C1868885,Uncontrolled hypertension
C0242514,"Tachycardia, Reciprocating"
C0857393,Excitable
C0023176,Lead Poisoning
C0025427,Mercury Poisoning
C0026603,Motion Sickness
C0700184,Throat irritation
C0028077,Night Blindness
C0152196,Spasm of accommodation
C1510497,Lens Opacities
C0040038,Thromboembolism
C1096119,Cardiac valve replacement complication
C0006384,Bundle-Branch Block
C0085614,First degree atrioventricular block
C0085615,Right bundle branch block
C0151878,Electrocardiogram QT prolonged
C0264886,Conduction disorder of the heart
C0861148,Proarrhythmia
C0920014,hemiblocks
C0851043,Lipids increased
C0014549,Tonic-Clonic Epilepsy
C0149958,Complex partial seizures
C0154246,"Urea Cycle Disorders, Inborn"
C0220994,Hyperammonemia
C0233657,Flight of ideas
C0233681,Delusion of grandeur
C0233718,Pressure of speech
C0235996,Hepatic enzyme increased
C0751748,Nonketotic Hyperglycinemia
C1960448,Hyperammonaemic encephalopathy
C2830004,Somnolence
C0334419,Phaeochromocytoma malignant
C0085649,Peripheral edema
C0151313,Sensory neuropathy
C0278701,Gastric Adenocarcinoma
C0334246,Metastatic squamous cell carcinoma
C0936223,Prostate cancer metastatic
C1168401,Squamous cell carcinoma of the head and neck
C1328504,Hormone-refractory prostate cancer
C1332166,Adenocarcinoma of the gastroesophageal junction
C3160889,Node-negative breast cancer
C0520904,Postoperative Nausea
C0003125,Anorexia Nervosa
C0012359,Pathological Dilatation
C0017152,Gastritis
C0152020,Gastroparesis
C0239233,Early satiety
C0267176,Diabetic gastroparesis
C0426576,gastrointestinal symptom
C0011269,"Dementia, Vascular"
C0451641,Urolithiasis
C0001883,Airway Obstruction
C0151559,Central nervous system depression (disorder)
C0865850,Acute respiratory insufficiency
C0005683,Urinary Bladder Calculi (disorder)
C0005697,Neurogenic Urinary Bladder
C0028734,Nocturia
C0149671,Dribbling of urine
C0455880,Poor urinary stream
C0542404,Stenosis of bladder neck
C0741539,Bladder neck stricture
C0857465,Peak flow
C2712122,Actual Positive Blood Pressure
C0027932,Neurotic Disorders
C0581386,Chronic anxiety
C0151898,Schizophrenic reaction
C0234987,Dizziness postural
C0271686,Diabetic Autonomic Neuropathy
C0312422,Blackout - symptom
C0393571,Multiple System Atrophy
C0023269,leiomyosarcoma
C0023827,liposarcoma
C0026896,Myasthenia Gravis
C0393947,Cholinergic crisis
C0858970,Carcinogenicity
C0859298,Human immunodeficiency virus type
C0851638,Heart failure signs and symptoms
C0241597,Uterine relaxation
C2363065,Vitamin D-resistant rickets
C3536983,Familial Hypophosphatemic Rickets
C0032797,Postpartum Hemorrhage
C0042135,Uterine Inertia
C0854265,Post abortion haemorrhage
C0042331,Migraine Variant
C0008149,Chlamydia Infections
C0009770,Inclusion conjunctivitis
C0013370,Amebic colitis
C0014236,Endophthalmitis
C0023240,Legionellosis
C0023241,Legionnaires Disease
C0024032,Low Birth Weights
C0029076,Ophthalmia Neonatorum
C0043168,Whooping cough due to unspecified organism
C0518948,Chlamydia trachomatis infection
C0700053,Idiopathic hypertrophic subaortic stenosis
C2931317,Primary syphilis
C0009940,Convalescence
C0025319,Menopausal disorder
C0028081,Night sweats
C0033377,Ptosis
C0042024,Urinary Incontinence
C0239998,Recurrent infection
C0404521,Infective vaginitis
C0857741,Vulvovaginal atrophy
C0024236,Lymphedema
C0238094,Idiopathic edema
C0041321,"Tuberculosis, Miliary"
C0041324,"Tuberculosis, Osteoarticular"
C0041333,"Tuberculosis, Urogenital"
C0152545,Primary tuberculous infection
C0003862,Arthralgia
C0016655,Multiple fractures
C0027765,nervous system disorder
C0029396,Heterotopic Ossification
C0149911,Humoral hypercalcemia of malignancy (disorder)
C0151825,Bone pain
C0238792,Bone lesion
C0410719,Deformity of bone
C0699812,Increased bone formation
C0750857,Alkaline phosphatase serum increased
C0262584,"Carcinoma, Small Cell"
C0000768,Congenital Abnormality
C0014518,Toxic Epidermal Necrolysis
C0014868,Esophagitis
C0024623,Malignant neoplasm of stomach
C0030312,Pancytopenia
C0232910,Teratogenesis
C0233571,excitement emotion
C0341117,Esophageal erosions
C0341177,Gastric erosions
C0341233,Acute duodenal ulcer
C0948429,Diuretic Effect
C2697368,Gastrointestinal tract irritation
C0023817,Hyperlipoproteinemia Type I
C0162871,"Aortic Aneurysm, Abdominal"
C0598784,Dyslipoproteinemias
C0029095,Opioid abuse
C0235146,Euphoric mood
C0333355,Mucositis
C0425946,Short period
C0596240,Cancer pain
C0694536,Drug seeking behavior
C0853946,Pain worsened
C0948482,Analgesic effect
C1135120,Breakthrough Pain
C2721580,Breakthrough cancer pain
C3203358,Hypoventilation
C0235195,Sedated state
C0235267,Redness of eye
C0426732,Prostatomegaly
C0021167,Incontinence
C0241310,Suprapubic pain
C0032915,Pre-Excitation Syndromes
C0039232,"Tachycardia, Atrioventricular Nodal Reentry"
C0235480,Paroxysmal atrial fibrillation
C0340477,AV reentrant tachycardia
C0428974,Supraventricular arrhythmia
C0741292,Paroxysmal atrial flutter
C0750194,Non-sustained ventricular tachycardia
C0001418,Adenocarcinoma
C0007078,carbuncle
C0016867,Furunculosis
C0031157,Peritonsillar Abscess
C0006845,"Candidiasis, Chronic Mucocutaneous"
C0403723,Candiduria
C0750466,Yeast infection
C0857737,Vaginal yeast
C0877445,Candidemia
C1579838,Sore mouth
C0008582,Chromoblastomycosis
C0278791,Chronic lymphocytic leukaemia refractory
C0392386,Decreased platelet count
C0302280,Adrenogenital Syndrome
C0559470,Allergy to peanuts
C0006079,Bowens Disease
C0007114,Malignant neoplasm of skin
C0007117,Basal cell carcinoma
C0007134,Renal Cell Carcinoma
C0022593,Keratosis
C0699790,Colon Carcinoma
C0862889,Superficial basal cell carcinoma
C1959620,Dihydropyrimidine Dehydrogenase Deficiency
C0002957,Anger
C0006370,Bulimia
C0040517,Gilles de la Tourette syndrome
C0043094,Weight Gain
C0520676,Premenstrual dysphoric disorder
C0596170,Binge eating disorder
C0855227,Purging
C0860654,Reduced interest in usual activities
C2267227,Bulimia Nervosa
C0010417,Cryptorchidism
C0029191,Orchitis
C0034011,Puberty
C0034012,Delayed Puberty
C0151721,Testicular hypogonadism
C0271623,Hypogonadotropic hypogonadism
C0948896,Primary hypogonadism
C1963961,Testosterone deficiency
C0007775,Cerebral Atherosclerosis
C0031511,Pheochromocytoma
C0151763,Liver damage
C0541798,Early Awakening
C0023518,Leukocytosis
C0005001,Benign prostatic hypertrophy
C0027429,Nasal obstruction present finding
C0025274,Menarche
C0376297,Cardiac Death
C0458631,Performance anxiety
C0014038,Encephalitis
C0035333,Retinitis
C0206178,Cytomegalovirus Retinitis
C0238212,Perinephric abscess
C0023892,Biliary cirrhosis
C1268766,Blood pressure alteration (finding)
C0079774,Peripheral T-Cell Lymphoma
C0003460,Anuria
C0017667,Nodular glomerulosclerosis
C0027720,Nephrosis
C0028961,Oliguria
C2364010,Chronic nephritis
C0015404,"Eye Infections, Bacterial"
C0155141,Acute conjunctivitis
C0343401,MRSA - Methicillin resistant Staphylococcus aureus infection
C0035258,Restless Legs Syndrome
C0339875,Pseudocroup
C0740447,Diabetic peripheral neuropathy
C0040558,Toxoplasmosis
C0158945,Congenital cytomegalovirus infection
C0271036,Retinal scar
C0271053,Cotton wool spots
C0276253,Cytomegaloviral pneumonia
C3665888,Reproductive toxicity
C0007138,"Carcinoma, Transitional Cell"
C0162638,Apoptosis
C0281361,Adenocarcinoma pancreas
C0346647,Malignant neoplasm of pancreas
C0854467,Myelosuppression
C0302314,Xanthoma
C0000817,"Abortion, Septic"
C0005743,Blepharoconjunctivitis
C0010930,Dacryocystitis
C0013568,Ecthyma
C0016436,Folliculitis
C0037299,Skin Ulcer
C0038826,Superinfection
C0043246,Laceration
C0085652,Pyoderma Gangrenosum
C0149777,Abscess of skin AND/OR subcutaneous tissue
C0152081,Pustular psoriasis
C0241060,Cyst of skin
C0263443,Acne pustular
C0275798,Sycosis barbae
C0442886,Secondary Infections
C0519030,Pneumonia due to Klebsiella pneumoniae
C0549398,Meibomianitis
C0022638,Ketosis
C0032175,Platelet Adhesiveness
C0595883,Blood glucose decreased
C0549427,Muscarinic Effect
C0011168,Deglutition Disorders
C0028242,Nocardia Infections
C0040250,Tinea Capitis
C2349994,Tinea barbae
C0239134,Productive cough
C0022972,Lambert-Eaton Myasthenic Syndrome
C0549225,Myasthenic Syndrome
C0233514,Abnormal behavior
C0235229,Ciliary Body Spasm
C0522224,Paralysed
C1328540,Peripheral vasodilatation
C0149721,Left Ventricular Hypertrophy
C0376356,Premenstrual Tension
C1561643,Chronic Kidney Diseases
C0019112,Hemorrhoids
C0020635,Hypopituitarism
C0038814,Sunburn
C0155877,Allergic asthma
C0267390,Ulcerative (chronic) proctosigmoiditis
C0375359,Left-sided ulcerative (chronic) colitis
C2937222,Chronic ulcerative proctitis
C0006434,Burn injury
C0877373,Advanced cancer
C1260710,Acute ulcerative colitis
C0002895,"Anemia, Sickle Cell"
C0153567,Uterine Cancer
C0742343,Acute Chest Syndrome
C0001957,Alcohol Withdrawal Delirium
C0269661,Vomiting of pregnancy
C0677660,Emotional problems
C0012813,Diverticulitis
C0015644,Muscular fasciculation
C0017605,Angle Closure Glaucoma
C0020458,Hyperhidrosis disorder
C0036104,secretion of saliva
C0037036,Sialorrhea
C0042075,Urologic Diseases
C0043144,Wheezing
C0085610,Sinus bradycardia
C0152163,Pylorospasm
C0221037,Splenic flexure syndrome
C0221505,Brain lesion
C0235396,Hypertonicity
C0266836,Infantile Colic
C0559031,Functional Gastrointestinal Disorders
C0695242,Neurogenic Bowel
C0700590,Increased sweating
C0877419,Automatic bladder
C3203466,Acute enterocolitis
C0024031,Low Back Pain
C0087031,Juvenile-Onset Still Disease
C0263907,Capsulitis
C0311223,Frozen shoulder
C0013288,Dumping Syndrome
C0016167,Anal Fissure
C0016927,Gagging
C1610069,Circulatory depression
C0856882,Potassium increased
C0920110,Kaluresis
C0012691,Dislocations
C0003838,Arterial Occlusive Diseases
C0853800,Contrast media reaction
C0155874,Obstructive chronic bronchitis
C0240291,Mg reduced
C0266294,Unilateral agenesis of kidney
C0549262,Rebound effect
C0032227,Pleural effusion disorder
C2239195,Anxious mood
C0037116,Silicosis
C0312646,Finding related to response to skin test
C0700509,Chronic peptic ulcer
C1331016,Low income
C0013781,Shock from electric current
C0036980,"Shock, Cardiogenic"
C0036983,Septic Shock
C0442856,Hypoperfusion
C0023212,Left-Sided Heart Failure
C0152172,Angina decubitus
C0003851,Arteriosclerosis Obliterans
C0034734,Raynaud Disease
C0241832,Cerebrovascular Insufficiency
C0030409,Paracoccidioidomycosis
C0276653,Invasive Pulmonary Aspergillosis
C0277585,Drug intolerance
C0343899,Chronic pulmonary histoplasmosis
C0438237,Liver enzymes abnormal
C1262117,Keratitis fungal
C0085438,"Meningitis, Fungal"
C0004161,Athletic Injuries
C0036396,Sciatica
C0022281,Itching of eye
C0151827,Eye pain
C0948782,Uterine cramps
C0347950,Asthma attack
C0019147,Hepatic Coma
C0019151,Hepatic Encephalopathy
C0234428,Consciousness abnormal
C0401149,Constipation chronic
C0577115,Soft stool (finding)
C3203509,Neuropsychiatric syndrome
C0011226,Hepatitis D Infection
C0149709,Hepatitis B surface antigen positive
C1262160,HBV DNA decreased
C0241934,Hypomania
C0004763,Barrett Esophagus
C0014869,Peptic Esophagitis
C0085695,Chronic gastritis
C0154947,Anatomical narrow angle glaucoma
C0240094,Joint tenderness
C2248397,Inhibition of enzyme activity
C0342543,"Precocious Puberty, Central"
C0031315,Phantom Limb Syndrome
C0024205,Lymphadenitis
C1527298,"Dysentery, Bacillary"
C0011127,Pressure Ulcer
C0238124,Necrotizing fasciitis
C0744130,Diabetic foot infection
C0085623,Akinesia
C0086439,Hypokinesia
C0233565,Bradykinesia
C0271547,Growth hormone overproduction
C0747979,Increased prolactin level
C0401151,Chronic diarrhea
C0013144,Drowsiness
C0154251,Lipid Metabolism Disorders
C0577631,Carotid Atherosclerosis
C0595929,Cholesterol serum elevated
C0858310,Triglycerides normal
C0433445,Burns third degree
C0013415,Dysthymic Disorder
C0085632,Indifferent mood
C0349218,Recurrent depressive disorder
C0392674,Exhaustion
C0520665,Menopausal depression
C0003950,Ascariasis
C0019911,Hookworm Infections
C0040954,Infection by Trichuris trichiura
C0086227,Enterobiasis
C0016204,Flatulence
C0025345,Menstruation Disturbances
C0030794,Pelvic Pain
C0041747,Unplanned pregnancy
C0235620,Haemorrhage urinary tract
C0278493,Breast cancer recurrent
C0425979,Nulliparous
C0813148,Metastatic Endometrial Carcinoma
C0877035,Estrogen Effect
C0014583,Episcleritis
C0025874,Metrorrhagia
C0006625,Cachexia
C1153706,Endometrial adenocarcinoma
C0029221,Organic brain syndrome
C0001339,Pancreatitis acute
C0234447,Narcosis
C0033252,Proctosigmoiditis
C0221470,Aphagia
C1112567,Crohns ileocolitis
C0242073,Pulmonary congestion
C0542247,Tremulousness
C0019337,Heroin Dependence
C0038587,Substance Withdrawal Syndrome
C0008493,"Hydatidiform Mole, Invasive"
C0079773,"Lymphoma, T-Cell, Cutaneous"
C0205699,Carcinomatosis
C0263361,Psoriasis vulgaris
C0278512,Osteosarcoma metastatic
C0001916,Albinism
C0042900,Vitiligo
C0349506,Photosensitivity of skin
C0016169,pathologic fistula
C0025637,Methemoglobinemia
C0262405,brain dysfunction
C0541854,Daytime sleepiness
C1321905,Minimal Brain Dysfunction
C0032533,Polymyalgia Rheumatica
C0241158,Scar Tissue
C0521516,Polymyalgia
C0542203,Water retention (finding)
C0742115,Cerebritis
C0031133,Peristalsis
C0151970,Ulcer of esophagus
C0152164,Cyclical vomiting syndrome (disorder)
C0235318,Fullness abdominal
C0311268,Post vagotomy diarrhea
C0520905,"Vomiting, Postoperative"
C0585136,Retention gastric
C0740411,Delayed gastric emptying
C0728936,Unspecified circulatory system disorder
C1698480,Supraventricular tachyarrhythmia
C0006105,Brain Abscess
C0017536,Giardiasis
C0023223,Leg Ulcer
C0023885,Liver Abscess
C0023886,"Liver Abscess, Amebic"
C0027769,Nervousness
C0030785,Pelvic abscess
C0031055,Pericoronitis
C0038941,Surgical Wound Infection
C0040921,Trichomonas Infections
C0040923,Trichomonas Vaginitis
C0040928,Urogenital trichomoniasis
C0239740,Ulcerative gingivitis
C0264515,Pneumonia necrotising
C0269050,Endomyometritis
C0269936,Puerperal sepsis
C0275522,Asymptomatic Infections
C0392618,Postoperative infection
C0001624,Adrenal Gland Neoplasms
C0020428,Hyperaldosteronism
C0342388,Adrenocorticotropic hormone (ACTH) deficiency (disorder)
C0233794,Memory impairment
C0037019,Shy-Drager Syndrome
C0232191,Reflex bradycardia
C0277884,Blood pressure systolic increased
C0740482,Hypotension orthostatic symptomatic
C0857210,Dead foetus
C1609524,ADHF
C0206686,Adrenocortical carcinoma
C0751967,"Multiple Sclerosis, Relapsing-Remitting"
C0043012,Wakefulness
C0520679,"Sleep Apnea, Obstructive"
C0694563,Excessive daytime somnolence
C0851578,Sleep Disorders
C2748060,Hypopnea syndrome
C0237849,Peeling of skin
C0541791,Atonia
C0948780,Rhinosinusitis
C0030200,"Pain, Intractable"
C0151698,Injection site hemorrhage
C0240417,Muscle mass
C0522046,Cough suppression
C1306063,Acute left ventricular failure
C0014527,Epidermolysis Bullosa
C0424109,Weepiness
C1322253,Infected eczema
C0877635,Cytomegalovirus viraemia
C1142072,Oral toxicity
C0024143,Lupus Nephritis
C0238217,Renal transplant rejection
C1735856,Migraine with Typical Aura
C0278080,Dependence physiological
C0235266,Eye irritation
C0948786,Blanching
C0349217,"Depressive episode, unspecified"
C2363890,Intestinal atony
C0036992,Short Bowel Syndrome
C0341439,Chronic liver disease
C0005136,Berry Aneurysm
C0265110,Cerebral Vasospasm
C0037769,Infantile spasms
C0684276,Hypsarrhythmia
C2937246,Overwork (finding)
C0037023,Sialadenitis
C1320835,Drug fever
C0349071,Chronic anal fissure
C1112259,Intraoperative hypotension
C0232567,Hypergastrinaemia
C0013371,Shigella Infections
C0018078,Gonococcal urethritis
C0034184,Pyelocystitis
C0085696,Chronic prostatitis
C0267446,Acute gastroenteritis
C0277528,Travellers diarrhea
C0558348,Gastroenteritis bacterial
C0009254,Coitus Interruptus
C0021899,Intrauterine Device Expulsion
C0237236,Sexual assault
C0342257,Complications of Diabetes Mellitus
C0343886,Gastrointestinal candidiasis
C0032064,Plague
C0151937,Tendon rupture
C0152936,"Plague, Septicemic"
C0155804,Acute maxillary sinusitis
C0520575,Acute pyelonephritis
C0854211,Keratitis bacterial
C0026650,Movement Disorders
C0036346,"Schizophrenia, Childhood"
C0234133,Extrapyramidal symptoms
C0014724,Eructation
C0232493,Epigastric pain
C0235325,Gastric hemorrhage
C0333276,Acute hemorrhage
C0850666,Bacterial infection due to helicobacter pylori (H. pylori)
C0086066,Acute Coryza
C0231218,Malaise
C0521839,Influenza like illness
C0278480,Stage III Colon Cancer
C0740345,Germ Cell Cancer
C0001969,Alcoholic Intoxication
C0030587,Paroxysmal atrial tachycardia
C0080178,Spina Bifida
C0150045,Urge Incontinence
C0878773,Overactive Bladder
C1261562,Detrusor instability
C1536696,Overactivity
C2939094,Skin sensitisation
C0152168,Spasm of sphincter of Oddi
C0234253,Pain at rest
C0026987,Myelofibrosis
C0702159,Constitutional aplastic anemia
C0206526,"Tuberculosis, Multidrug-Resistant"
C0085639,Falls
C0522054,Electrocardiogram normal
C0750016,Generalized urticaria
C1292769,Precursor B-cell lymphoblastic leukemia
C0002726,Amyloidosis
C0153690,Bone cancer metastatic
C0302313,Osteolytic lesion
C0392689,Hydraemia
C0877420,Metastatic bone pain
C0428886,Mean blood pressure
C0221150,Odynophagia
C0851976,Dyspeptic signs and symptoms
C0151814,Coronary Occlusion
C0235013,Hypervigilance
C0236720,Hallucinogen Persisting Perception Disorder
C0424166,Social fear
C0741553,Hemorrhage abnormal
C1369037,FInding of estrangement
C0008732,Chylous Ascites
C0008733,Chylothorax
C0159075,Chyluria
C2939419,Secondary Neoplasm
C0010691,Cystinuria
C0014412,Environmental Exposure
C0019202,Hepatolenticular Degeneration
C0151747,Renal tubular disorder
C0152457,Kayser-Fleischer ring
C0268070,Copper deficiency
C2004456,Cirrhosis liver postnecrotic
C0001075,Achlorhydria
C0024799,Marginal ulcer
C0023281,Leishmaniasis
C0041228,African Trypanosomiasis
C0008354,Cholera
C0028778,Obstruction
C0852189,Trophic disorders
C0009952,Febrile Convulsions
C0022893,Labyrinthitis
C0037315,Sleep Apnea Syndromes
C0854110,Insulin resistant diabetes
C0152253,Posterior synechiae of iris
C0151500,Anticholinergic Syndrome
C0005417,Biliary Fistula
C0005779,Blood Coagulation Disorders
C0019088,Hemorrhagic Disease of Newborn
C0020640,Inherited Factor II deficiency
C0042880,Vitamin K Deficiency
C0272315,Coagulation factor decreased
C1510471,Vitamin Deficiency
C3203356,Factor II deficiency
C0027092,Myopia
C0027821,Neurocirculatory Asthenia
C0033036,Atrial Premature Complexes
C0039236,"Tachycardia, Paroxysmal"
C0242407,Hyperkinetic Heart Syndrome
C0546959,Atrial tachycardia
C2609253,Macrovascular disease
C0009663,Condylomata Acuminata
C0027540,Necrosis
C0302180,Condyloma
C0334106,Bowenoid papulosis
C0343730,Perianal warts
C0428467,Serum cholesterol normal
C1384353,Parasite infestation
C0002390,Extrinsic allergic alveolitis
C0004031,"Aspergillosis, Allergic Bronchopulmonary"
C0006272,Bronchiolitis Obliterans
C0031039,Pericardial effusion
C0032290,Aspiration Pneumonia
C0032453,"Polychondritis, Relapsing"
C0264383,Organising pneumonia
C0700292,Hypoxemia
C0869523,Carditis
C1800706,Idiopathic Pulmonary Fibrosis
C0022570,"Keratitis, Dendritic"
C0042214,Vaccinia
C0002879,"Anemia, Hemolytic, Acquired"
C0011609,Drug Eruptions
C0031037,Periarthritis
C0085570,Hypokalemic alkalosis
C0085740,Mendelson Syndrome
C0151740,Intracranial Hypertension
C0270922,Demyelinating polyneuropathy
C0410959,Foetal acidosis
C0024537,"Malaria, Vivax"
C0022333,Jacksonian Seizure
C0235136,Agitated depression
C0000786,Spontaneous abortion
C0008925,Cleft Palate
C0012569,Diplopia
C0015300,Exophthalmos
C0015393,Eye Abnormalities
C0156404,Menstruation irregular
C0221512,Stomach ache
C0233481,Worried
C0241633,Vaginal dryness
C0456909,Blind Vision
C0278182,Light sleep
C2586056,Permanent atrial fibrillation
C0008325,Cholecystitis
C0018916,Hemangioma
C0206733,Strawberry nevus of skin
C0270736,Essential Tremor
C0338480,Common Migraine
C0340515,Myocardial depression
C0393615,Familial Tremor
C1536459,Nettle rash
C0751249,Chronic Insomnia
C0005587,"Depression, Bipolar"
C0151564,Cogwheel Rigidity
C0236788,Bipolar II disorder
C0750394,White blood cell count decreased
C1320474,Nuchal Rigidity
C2242528,Non-erosive reflux disease
C0152029,Sinus congestion
C0019557,Hip Fractures
C0853879,Invasive Breast Carcinoma
C0748318,Progressive renal failure
C0856742,Post MI
C0333291,Ulcer haemorrhage
C0699893,Skin carcinoma
C0863091,Rejection acute renal
C0013378,Dysgeusia
C0035235,Respiratory Syncytial Virus Infections
C0085605,Liver Failure
C0311468,Increased bilirubin level (finding)
C0524910,"Hepatitis C, Chronic"
C1608426,Compensated cirrhosis
C0002736,Amyotrophic Lateral Sclerosis
C0085084,Motor Neuron Disease
C0154681,Anterior Horn Cell Disease
C0524851,Neurodegenerative Disorders
C0004352,Autistic Disorder
C0004930,Behavior Disorders
C0025362,Mental Retardation
C0042693,Violence
C0233519,Suspicious behavior (finding)
C0233558,Temper tantrum
C0233569,Physical wandering
C0233720,Poverty of speech
C0236988,Schizophrenia and other psychotic disorders
C0554978,Racing thoughts
C0752347,Lewy Body Disease
C0019069,Hemophilia A
C0232462,Decrease in appetite
C0038273,Stereotypic Movement Disorder
C0001361,Acute tonsillitis
C3495832,Rheumatic disorder
C0015726,Fear (Mental Process)
C0020542,Pulmonary Hypertension
C0152171,Idiopathic pulmonary hypertension
C0264936,Pulmonary hypertension secondary
C1141927,Wound sepsis
C0085315,"Toxoplasmosis, Cerebral"
C0018800,Cardiomegaly
C0520850,Pulmonary arterial wedge pressure increased
C0155583,Benign essential hypertension (disorder)
C0271728,Secondary aldosteronism
C1384514,Conn Syndrome
C0023474,"Leukemia, Myeloid, Chronic-Phase"
C0238198,Gastrointestinal Stromal Tumors
C0346421,Chronic eosinophilic leukemia
C0392784,Dermatofibrosarcoma Protuberans
C0856536,Philadelphia chromosome positive
C1112486,Aggressive Systemic Mastocytosis
C1540912,Hypereosinophilic syndrome
C0018190,Granuloma Inguinale
C0041351,Tularemia
C0007095,Carcinoid Tumor
C1328479,Pancreatic Endocrine Carcinoma
C0086981,Sicca Syndrome
C0026272,Mixed Connective Tissue Disease
C0270862,Hemiplegic migraine
C0014070,Encephalomyelitis
C0020964,Immunity
C0036679,Diastasis
C0236171,Infection susceptibility increased
C0400968,Liver transplant rejection
C0877042,Graft loss
C1112419,Hepatitis C positive
C1262018,Graft failure
C0007124,Noninfiltrating Intraductal Carcinoma
C0242292,McCune-Albright Syndrome
C0263978,Soft tissue disorder
C0279563,Lobular carcinoma in situ of breast
C1096616,Contralateral breast cancer
C0037286,Skin Neoplasms
C0037301,Skin Wrinkling
C0149722,Hutchinsons Melanotic Freckle
C0162835,Hypopigmentation disorder
C0263415,Solar elastosis
C0278883,Metastatic melanoma
C0334579,Anaplastic astrocytoma
C0860594,Metastatic malignant melanoma
C0013080,Down Syndrome
C0004509,Azoospermia
C0011124,Decreased Libido
C0020594,Hypoactive Sexual Desire Disorder
C0022735,Klinefelter Syndrome
C0151662,Gamma-glutamyltransferase increased
C0178415,Prostatic specific antigen increased
C0239935,Hematocrit increased
C0521490,Application site irritation
C0853700,Application site erythema
C0857983,Serum testosterone decreased
C0857984,Serum testosterone increased
C2721578,Pulmonary oil microembolism
C0014457,Eosinophilia
C0023049,"Larva Migrans, Visceral"
C0038463,Strongyloidiasis
C0546999,"Larva Migrans, Cutaneous"
C0034155,"Purpura, Thrombotic Thrombocytopenic"
C0857054,Cystine in urine
C0259813,Drop Attack
C1868980,Pharmacokinetic interaction
C1960870,Transformed migraine
C0278727,Small cell lung cancer recurrent
C0007766,Intracranial Aneurysm
C0014591,Epistaxis
C0020581,Hyphema
C0032788,Postoperative Hemorrhage
C0010495,Cutis Laxa
C0010666,Acne cystic
C0023487,Acute Promyelocytic Leukemia
C0028259,Nodule
C0039446,Telangiectasis
C0263442,Acne conglobata
C0520893,Localized desquamation
C0558148,Yellow complexion
C0859038,Skin roughness
C0870082,Hyperkeratosis
C0007398,Catatonia
C0036349,Paranoid Schizophrenia
C0917816,Mental deficiency
C1457889,Senile psychosis
C0003850,Arteriosclerosis
C0008312,Primary biliary cirrhosis
C0008370,Cholestasis
C0024103,Mass in breast
C0947622,Cholecystolithiasis
C0029118,Opportunistic Infections
C1736177,Acute graft rejection
C0038157,Intestinal infection due to staphylococcus
C0340359,Prosthetic valve endocarditis
C0520767,Endocarditis staphylococcal
C0021141,Inappropriate ADH Syndrome
C0278506,Non-small cell lung cancer stage III
C0278987,Non-small cell lung cancer metastatic
C0235950,Zinc deficiency
C1536075,Sudden unexplained death in epilepsy
C0860510,Nocturnal awakening
C0577731,Disseminated adenocarcinoma
C0085207,Gestational Diabetes
C0149814,Inevitable abortion
C0340274,Hypertension induced by pregnancy
C0520539,Hypertensive episode
C0018188,Granuloma
C0040150,"Thyroiditis, Suppurative"
C0276609,Acute hepatitis B
C0277730,Sexual assault victim
C0007959,Charcot-Marie-Tooth Disease
C0020179,Huntington Disease
C0221169,Hemiballismus
C0012254,Digitalis toxicity
C2220426,Exposure to lead
C2931187,Nephropathic cystinosis
C1262036,Ocular toxicity
C1322281,Rhinitis seasonal
C0007099,Carcinoma in Situ
C0001127,"Acidosis, Respiratory"
C0860760,pH normal
C0175683,Citrullinemia
C0268542,Ornithine carbamoyltransferase deficiency
C0338656,Impaired cognition
C0521654,Neurologic Deficits
C0751753,Carbamoyl-Phosphate Synthase I Deficiency Disease
C0027962,Melanocytic nevus
C0221263,Cafe-au-Lait Spots
C1167661,Cerebral vasoconstriction
C0220982,Ketoacidosis
C0740265,Acid-base disorders
C0014877,Esotropia
C0155336,Accommodative component in esotropia
C0568180,Lithium poisoning
C0000880,Acanthamoeba Keratitis
C0155145,Chronic conjunctivitis
C0423006,Discharge from eye
C0549322,Eyelid infection
C0011268,Senile dementia
C1699324,Pharyngeal mucositis
C0019621,"Histiocytosis, Langerhans-Cell"
C0023381,Letterer-Siwe Disease
C0162316,Iron deficiency anemia
C0023470,Myeloid Leukemia
C0040479,Torsades de Pointes
C0011432,Dentin Sensitivity
C0016325,Fluoride Poisoning
C0728725,Low pH
C0342579,Electrolyte imbalance
C0595879,Sodium high
C0860866,Potassium low
C0023896,Alcoholic Liver Diseases
C0337667,Cigarette smoker (finding)
C0015773,Felty Syndrome
C0271930,Anemia of pregnancy
C0042580,Vesico-Ureteral Reflux
C0235299,Right upper quadrant pain
C0262365,Mammogram abnormal
C0847631,Dry scalp
C0014866,Esophageal Stenosis
C0155668,Old myocardial infarction
C0595928,Serum calcium increased
C0854100,Nitrogen balance negative
C0221204,Lytic lesion
C0856716,Asthma aspirin-sensitive
C0008533,Hemophilia B
C0018924,Hemarthrosis
C0035459,"Rhinitis, Atrophic"
C0042974,von Willebrand Disease
C0162283,Nephrogenic Diabetes Insipidus
C0240412,Muscle hematoma
C0549376,Plasma osmolality decreased
C0687720,Central Diabetes Insipidus
C0848232,Nocturnal polyuria
C0919923,Nasal mucosa atrophy
C2228139,Primary nocturnal enuresis
C2748540,Mucosal bleeding
C0022783,Vulvar Lichen Sclerosus
C0156393,Atrophy of vulva
C0206158,Premenopause
C0239302,Oestrogen low
C0854381,Genital hemorrhage
C0342127,Toxic nodular goitre
C0342114,Goiter diffuse
C0232849,Bladder pain
C0235032,Neurotoxicity Syndromes
C0264956,Atheroma
C0497406,Overweight
C0022595,Keratosis Follicularis
C0022596,Palmoplantar Keratosis
C0029574,Other dermatoses
C0687713,Gastrointestinal pain
C1963899,Erosive gastroduodenitis
C0009769,"Conjunctivitis, Giant Papillary"
C0745136,Hypertensive emergency
C0264413,Asthma late onset
C0700225,Serum creatinine increased
C0017205,Gaucher Disease
C0577866,Poor venous access
C0007286,Carpal Tunnel Syndrome
C0011993,Vipoma
C0014132,Endocrine Gland Neoplasms
C0017689,Glucagonoma
C0020541,"Hypertension, Portal"
C0021670,insulinoma
C0024586,Malignant Carcinoid Syndrome
C0030290,Pancreatic Fistula
C0032787,Postoperative Complications
C0155789,Bleeding esophageal varices
C0206754,Neuroendocrine Tumors
C0239182,Watery diarrhoea
C2609266,Gastroesophageal varices
C0858322,Type IIb hyperlipidaemia
C0860248,Fredrickson Type III lipidemia
C2721732,Disseminated mycobacterium avium complex infection
C1868851,Portopulmonary hypertension
C0856054,Mental status changes
C0027809,Neurilemmoma
C0039147,Syrinx formation
C0007760,Cerebellar Diseases
C0239296,Obstruction of esophagus
C0004779,Basal Cell Nevus Syndrome
C0026393,Molluscum Contagiosum
C0030354,Papilloma
C0043346,Xeroderma Pigmentosum
C0270850,Idiopathic generalized epilepsy
C0270853,"Myoclonic Epilepsy, Juvenile"
C1096063,Intractable epilepsy
C0574785,Lower Urinary Tract Symptoms
C0024312,Lymphopenia
C0003615,Appendicitis
C0162285,Edema of eyelid
C0392163,Corneal erosion
C0085611,Atrial arrhythmia
C0860630,Demented
C0241705,Difficulty passing urine
C0026858,Musculoskeletal Pain
C0042025,Urinary Stress Incontinence
C1963916,Diabetic peripheral neuropathic pain
C0812413,Malignant Pleural Mesothelioma
C0030421,Paraganglioma
C0238462,Medullary carcinoma of thyroid
C0235761,Perforation of nasal septum
C0205255,Imprisonment (finding)
C0020433,Hyperbilirubinemia
C0004771,Bartonella Infections
C0006309,Brucellosis
C0024286,Lymphogranuloma Venereum
C0034362,Q Fever
C0035021,Relapsing Fever
C0035597,Rickettsialpox
C0035793,Rocky Mountain Spotted Fever
C0041471,TYPHUS
C0038835,Superovulation
C0041274,Fallopian tube obstruction
C1384582,Primary testicular failure
C1112677,Protein allergy
C0018811,"Heart Rate, Fetal"
C0037926,Compression of spinal cord
C0028841,Ocular Hypotension
C0042875,Vitamin E Deficiency
C0948689,Hepatosplenic candidiasis
C0341736,Detrusor hyperreflexia
C0019212,Hepatorenal Syndrome
C1565662,Acute Kidney Insufficiency
C0745744,End Stage Liver Disease
C0080032,"Pleural Effusion, Malignant"
C0919924,Pulmonary toxicity
C1701940,"Pneumonia, Ventilator-Associated"
C0032326,Pneumothorax
C0085808,"Aneurysm, Mycotic"
C1306577,Death (finding)
C1735634,Acute allograft rejection
C1961099,Precursor T-Cell Lymphoblastic Leukemia-Lymphoma
C0392464,Ventricular aneurysm
C1112160,Gastrooesophageal cancer
C0034091,Pulmonary Veno-Occlusive Disease (disorder)
C0036421,Systemic Scleroderma
C3267035,Digital ulcer
C0342513,Idiopathic hirsutism
C0520817,Physical disability
C0751965,"Multiple Sclerosis, Secondary Progressive"
C0268483,Tyrosinemias
C0268543,"Hyperammonemia, type III"
C1609538,Latent Tuberculosis
C0038868,Progressive supranuclear palsy
C0520888,Inverted T wave
C0235511,Superficial phlebothrombosis
C0948369,Myocardial reinfarction
C1609535,Invasive Candidiasis
C0270729,Drug-induced parkinsonism
C0020678,Hypotrichosis
C0015523,Factor XI Deficiency
C0749225,Systolic dysfunction
C0079731,B-Cell Lymphomas
C1283620,"Sucrase-isomaltase deficiency, congenital"
C0242184,Hypoxia
C0024449,Mycetoma
C0276758,Fusariosis
C0553576,Systemic mycosis
C1688637,Intraoperative floppy iris syndrome
C0855138,Mantle cell lymphoma refractory
C0342907,Sitosterolemia
C2047520,Mixed hyperlipidemia (disorder)
C0857122,Hyponatraemic
C2242656,HBV coinfection
C0221002,"Hyperparathyroidism, Primary"
C0267509,Chronic idiopathic constipation
C3160897,Opioid induced constipation
C1304300,Skin Nodular Basal Cell Carcinoma
C0242383,Age related macular degeneration
C1096267,Injection site discomfort
C0346976,Metastases to pancreas
C0024620,Primary malignant neoplasm of liver
C2585653,Persistent atrial fibrillation
C0013922,Embolism
C3666003,Transfusion dependent anaemia
C0023976,Long QT Syndrome
C1142273,Glucose metabolism abnormal
C2700620,Anorectal infection
C0015944,"Fetal Membranes, Premature Rupture"
C0549433,Surgical intervention (finding)
C1532533,Mycotic endophthalmitis
C0162531,Hereditary Coproporphyria
C0162532,Variegate Porphyria
C0023903,Liver neoplasms
C0221106,Alkalemia
C0018213,Graves Disease
C0154143,Toxic multinodular goiter
C1332884,Central nervous system leukaemia
C0278678,Metastatic Renal Cell Cancer
C0271710,Reactive hypoglycemia
C0002419,Amblyopia tobacco
C0029132,Disorder of the optic nerve
C0917796,"Optic Atrophy, Hereditary, Leber"
C0032529,Genetic Polymorphism
C0151502,Increased anticoagulant effect
C0521481,Oedema mucosal
C0235439,Ankle edema (finding)
C0277919,Postthrombotic Syndrome
C0581394,Swelling of legs
C1306557,Chronic venous insufficiency
C0154778,"Myopia, Degenerative"
C0600518,Choroidal Neovascularization
C3537442,Pathologic myopia
C0023346,Borderline leprosy
C0023351,Tuberculoid leprosy
C0025303,Meningococcal Infections
C0159125,Culture positive
C0005283,beta Thalassemia
C0011303,Demyelinating Diseases
C0855333,Electrocardiogram QT corrected interval prolonged
C0013884,Filarial Elephantiases
C0016085,Filariasis
C0028425,Norwegian scabies
C0029001,Onchocerciasis
C0042961,Intestinal Volvulus
C0151811,Subcutaneous nodule
C0343386,Clostridium difficile infection
C0041341,Tuberous Sclerosis
C0205768,Subependymal Giant Cell Astrocytoma
C0206633,Angiomyolipoma
C0580398,Drug level therapeutic
C3495949,Locally advanced breast cancer
C0029895,Otomycosis
C0023267,Fibroid Tumor
C0741682,Premenopausal breast cancer
C0012739,Disseminated Intravascular Coagulation
C0549124,Arterial embolism
C0589110,Deep vein thrombosis postoperative
C3160769,Major bleed
C0026269,Mitral Valve Stenosis
C0032807,Postphlebitic Syndrome
C0151942,Arterial thrombosis
C0340293,Anterior myocardial infarction
C1400513,Transmural myocardial infarction
C0740330,Genital infection fungal
C0857322,Anemic
C0152025,Polyneuropathy
C0036474,Scurvy
C2363973,Chronic thromboembolic pulmonary hypertension
C0206062,"Lung Diseases, Interstitial"
C0007462,Causalgia
C0242528,Azotemia
C0458219,Complex Regional Pain Syndromes
C0521169,"Fractures, Compression"
C0595882,Serum calcium decreased
C1527353,Algodystrophic Syndrome
C0242342,Sheehan Syndrome
C0263222,Chronic eczema
C0264122,"Atrophy, Disuse"
C0405580,Adrenal cortical hypofunction
C0861011,Creatine phosphokinase normal
C1142423,Staphylococcus aureus bacteremia
C0241379,Increased thirst
C0344329,Collapse (finding)
C1263960,Diabetes with coma (disorder)
C0745492,Septic joint
C0694550,Recurrent pneumonia
C0085293,Hepatitis E
C0001231,"ACTH Syndrome, Ectopic"
C0860800,Glucose normal
C0267941,"Pancreatitis, Acute Necrotizing"
C0741132,Antibody test positive
C0855852,Antibody NOS negative
C3160891,Hormone-dependent prostate cancer
C0023787,Lipodystrophy
C0038002,Splenomegaly
C0004690,Balanitis
C0004691,Balanoposthitis
C0282021,Uncircumcised
C0034013,Precocious Puberty
C0151994,Enlarged uterus
C0031090,Periodontal Diseases
C0036472,Scrub Typhus
C0041472,Endemic Flea-Borne Typhus
C0041473,"Typhus, Epidemic Louse-Borne"
C0849916,Generalised erythema
C2979888,Queensland tick typhus
C0275982,Enteric campylobacteriosis
C0006271,Bronchiolitis
C0023076,Laryngotracheitis
C0085160,Hidradenitis
C0085690,Internal hordeolum
C0311389,Nonspecific urethritis
C0744254,Gallbladder infection
C1699100,Bacterial rhinitis
C0339467,Retinopathy proliferative
C0034931,Reflex Sympathetic Dystrophy
C0013238,Dry Eye Syndromes
C0155119,Recurrent erosion of cornea
C0859996,Corneal sensitivity decreased
C0151798,Hepatic necrosis
C0438717,Transaminases increased
C0497156,Lymphadenopathy
