"First Name","Last Name","Phone","PID"
"Lilianna","Gray","940-8934-54",P845451
"Lucy","Wright","980-7879-21",P418497
"Naomi","Walker","982-3320-71",P451575
"Carl","Brooks","345-2615-99",P580216
"Stuart","Bailey","498-0137-12",P614208
"Isabella","Alexander","114-0713-53",P061999
"Alfred","Crawford","763-4489-20",P607085
"Eddy","Grant","865-0375-76",P889961
"Alen","Mason","488-2463-73",P769993
"Annabella","Kelly","456-8126-30",P451698
"Elise","Mason","913-3748-54",P853317
"Daisy","Murphy","031-8402-33",P213458
"Miller","Roberts","850-9284-58",P819716
"Alen","Harrison","777-6454-03",P490131
"Madaline","Martin","419-8123-12",P247252
"Audrey","Crawford","844-2239-56",P154858
"Briony","Hunt","187-0315-37",P565927
"Alan","Rogers","162-5294-42",P870416
"Kelsey","Payne","950-2886-14",P545865
"Adrian","Myers","393-3101-42",P189791
"Preston","Lloyd","307-3705-97",P787499
"Alisa","Cunningham","807-7121-40",P115558
"Camila","Ellis","896-5238-76",P895819
"Marcus","Carroll","499-9415-47",P892260
"Elian","Andrews","148-1444-90",P734123
"Sofia","Payne","191-5411-97",P168196
"Garry","Owens","863-4914-09",P671485
"Max","Cooper","533-7463-74",P872090
"Thomas","Thompson","303-1281-27",P387836
"Anna","Crawford","872-8800-84",P725686
